Age,Gender,Diagnosis,Genetic_Markers/rs1234,Genetic_Markers/rs5678,Diet,Exercise_Habits,Smoking_Status,Prescribed_Medicines_0,Prescribed_Medicines_1,Prescribed_Medicines_2
55,Female,Hypertension,GG,AA,Low-Sodium Diet,Moderate Exercise,Non-Smoker,Amlodipine,Lisinopril,
60,Male,Diabetes,TT,GG,Balanced Diet,Regular Exercise,Non-Smoker,Metformin,Insulin,
70,Female,Heart Disease,GG,CC,Heart-Healthy Diet,Light Exercise,Non-Smoker,Aspirin,Clopidogrel,
48,Male,Asthma,CC,GG,Low-Fat Diet,Regular Exercise,Non-Smoker,Albuterol,Inhaled Corticosteroid,
65,Female,Arthritis,AA,TT,Plant-Based Diet,Yoga and Stretching,Non-Smoker,Ibuprofen,Methotrexate,
52,Male,Hypertension,TT,TT,Mediterranean Diet,Regular Exercise,Non-Smoker,Losartan,Hydrochlorothiazide,
58,Female,Diabetes,GG,CC,Low-Carb Diet,Regular Exercise,Non-Smoker,Metformin,Insulin,
42,Male,Asthma,TT,AA,Vegetarian Diet,Regular Exercise,Non-Smoker,Albuterol,Cromolyn,
67,Female,Arthritis,AA,GG,Gluten-Free Diet,Walking,Non-Smoker,Ibuprofen,Celecoxib,
50,Male,Heart Disease,CC,CC,DASH Diet,Regular Exercise,Non-Smoker,Aspirin,Clopidogrel,
62,Female,Hypertension,GG,TT,Low-Sodium Diet,Moderate Exercise,Non-Smoker,Amlodipine,Lisinopril,
55,Male,Diabetes,CC,GG,Low-Carb Diet,Regular Exercise,Non-Smoker,Metformin,Insulin,
68,Female,Asthma,AA,CC,Balanced Diet,Regular Exercise,Non-Smoker,Albuterol,Inhaled Corticosteroid,
47,Male,Arthritis,TT,TT,Mediterranean Diet,Yoga and Stretching,Non-Smoker,Ibuprofen,Methotrexate,
53,Female,Heart Disease,CC,GG,Heart-Healthy Diet,Light Exercise,Non-Smoker,Aspirin,Clopidogrel,
57,Male,Hypertension,GG,AA,Low-Sodium Diet,Moderate Exercise,Non-Smoker,Amlodipine,Lisinopril,
64,Female,Diabetes,TT,GG,Balanced Diet,Regular Exercise,Non-Smoker,Metformin,Insulin,
49,Male,Asthma,CC,GG,Low-Fat Diet,Regular Exercise,Non-Smoker,Albuterol,Inhaled Corticosteroid,
66,Female,Arthritis,GG,CC,Plant-Based Diet,Yoga and Stretching,Non-Smoker,Ibuprofen,Methotrexate,
54,Male,Heart Disease,CC,TT,Heart-Healthy Diet,Light Exercise,Non-Smoker,Aspirin,Clopidogrel,
56,Female,Hypertension,GG,GG,Low-Sodium Diet,Moderate Exercise,Non-Smoker,Amlodipine,Lisinopril,
61,Male,Diabetes,TT,CC,Low-Carb Diet,Regular Exercise,Non-Smoker,Metformin,Insulin,
69,Female,Asthma,AA,TT,Balanced Diet,Regular Exercise,Non-Smoker,Albuterol,Inhaled Corticosteroid,
46,Male,Arthritis,CC,AA,Mediterranean Diet,Yoga and Stretching,Non-Smoker,Ibuprofen,Celecoxib,
51,Female,Heart Disease,CC,TT,Heart-Healthy Diet,Light Exercise,Non-Smoker,Aspirin,Clopidogrel,
59,Male,Hypertension,GG,AA,Low-Sodium Diet,Moderate Exercise,Non-Smoker,Amlodipine,Lisinopril,
63,Female,Diabetes,GG,CC,Low-Carb Diet,Regular Exercise,Non-Smoker,Metformin,Insulin,
45,Male,Asthma,TT,GG,Low-Fat Diet,Regular Exercise,Non-Smoker,Albuterol,Inhaled Corticosteroid,
70,Female,Arthritis,AA,TT,Plant-Based Diet,Yoga and Stretching,Non-Smoker,Ibuprofen,Methotrexate,
47,Male,Heart Disease,CC,GG,Heart-Healthy Diet,Light Exercise,Non-Smoker,Aspirin,Clopidogrel,
57,Female,Hypertension,GG,AA,Low-Sodium Diet,Moderate Exercise,Non-Smoker,Amlodipine,Lisinopril,
65,Male,Diabetes,TT,CC,Low-Carb Diet,Regular Exercise,Non-Smoker,Metformin,Insulin,
35,Male,Diabetes,TT,CC,Low-Carb Diet,Regular Exercise,Non-Smoker,Metformin,Insulin,
70,Female,Hypertension,GG,AA,Mediterranean Diet,Walking,Non-Smoker,Lisinopril,Amlodipine,HCTZ
45,Female,Arthritis,AA,TT,Vegetarian,Pilates,Non-Smoker,Ibuprofen,Naproxen,
55,Male,Asthma,CC,GG,Balanced Diet,Swimming,Non-Smoker,Albuterol,Inhaled Corticosteroid,
60,Female,Heart Disease,TT,CC,Low-Sodium Diet,Cycling,Non-Smoker,Aspirin,Clopidogrel,Metoprolol
40,Male,Diabetes,GG,TT,High-Fiber Diet,Running,Non-Smoker,Metformin,Lisinopril,Insulin
50,Female,Hypertension,TT,GG,DASH Diet,Yoga,Non-Smoker,Lisinopril,Amlodipine,HCTZ
65,Male,Arthritis,AA,CC,Gluten-Free Diet,Tai Chi,Non-Smoker,Ibuprofen,Celecoxib,
55,Female,Asthma,GG,TT,Low-Carb Diet,Pilates,Non-Smoker,Albuterol,Inhaled Corticosteroid,
60,Male,Heart Disease,CC,AA,Low-Sodium Diet,Cycling,Non-Smoker,Aspirin,Clopidogrel,Metoprolol
35,Male,Asthma,TT,CC,Balanced Diet,Regular Exercise,Non-Smoker,Albuterol,Inhaled Corticosteroid,
70,Female,Hypertension,AA,GG,Low-Sodium Diet,Walking,Non-Smoker,Amlodipine,Lisinopril,
42,Male,Diabetes,CC,TT,High-Fiber Diet,Regular Exercise,Former Smoker,Metformin,Insulin,
58,Female,Arthritis,GG,CC,Mediterranean Diet,Swimming,Non-Smoker,Ibuprofen,Methotrexate,
48,Male,Heart Disease,CC,TT,Heart-Healthy Diet,Regular Exercise,Non-Smoker,Aspirin,Clopidogrel,Metoprolol
30,Female,Asthma,TT,CC,Vegetarian,Yoga,Non-Smoker,Albuterol,Montelukast,
55,Male,Hypertension,AA,GG,Low-Sodium Diet,Walking,Non-Smoker,Amlodipine,Lisinopril,
62,Female,Arthritis,GG,TT,Mediterranean Diet,Swimming,Non-Smoker,Ibuprofen,Methotrexate,
40,Male,Diabetes,CC,TT,High-Fiber Diet,Regular Exercise,Former Smoker,Metformin,Insulin,
67,Female,Heart Disease,CC,TT,Heart-Healthy Diet,Regular Exercise,Non-Smoker,Aspirin,Clopidogrel,Metoprolol
